WORK,IS_PASSED,LOC,AVG_METHOD_LENGTH,PERCENTAGE_VOLUME_METHODS_WITH_LENGTH_LESS_THAN_15,PERCENTAGE_VOLUME_METHODS_WITH_LENGTH_MORE_THAN_15,PERCENTAGE_VOLUME_METHODS_WITH_LENGTH_MORE_THAN_30,PERCENTAGE_VOLUME_METHODS_WITH_LENGTH_MORE_THAN_60,COUNT_METHODS_WITH_CYCL_COMPL_IN_RANGE_0_10,COUNT_METHODS_WITH_CYCL_COMPL_IN_RANGE_11_999,COUNT_METHODS_WITH_CYCL_COMPL_IN_RANGE_21_999,COUNT_METHODS_WITH_CYCL_COMPL_IN_RANGE_41_999,PERCENTAGE_METHODS_WITH_CYCL_COMPL_IN_RANGE_0_999,PERCENTAGE_METHODS_WITH_CYCL_COMPL_IN_RANGE_11_999,PERCENTAGE_METHODS_WITH_CYCL_COMPL_IN_RANGE_21_999,PERCENTAGE_METHODS_WITH_CYCL_COMPL_IN_RANGE_41_999,COUNT_METHODS_WITH_ABC_IN_RANGE_0_10,COUNT_METHODS_WITH_ABC_IN_RANGE_11_999,COUNT_METHODS_WITH_ABC_IN_RANGE_21_999,COUNT_METHODS_WITH_ABC_IN_RANGE_41_999,COUNT_METHODS_WITH_ABC_IN_RANGE_61_999,COUNT_METHODS_WITH_ABC_IN_RANGE_101_999,PERCENTAGE_METHODS_WITH_ABC_IN_RANGE_0_10,PERCENTAGE_METHODS_WITH_ABC_IN_RANGE_11_999,PERCENTAGE_METHODS_WITH_ABC_IN_RANGE_21_999,PERCENTAGE_METHODS_WITH_ABC_IN_RANGE_41_999,PERCENTAGE_METHODS_WITH_ABC_IN_RANGE_61_999,PERCENTAGE_METHODS_WITH_ABC_IN_RANGE_101_999
03-13-podfigurnyj,0,191,7.117647058823529,0.4607329842931937,0.17277486910994763,0.0,0.0,17,0,0,0,1.0,0.0,0.0,0.0,16,1,1,1,0,0,0.859504132231405,0.14049586776859505,0.14049586776859505,0.14049586776859505,0.0,0.0
03-13-podfigurnyj,1,197,6.631578947368421,0.4720812182741117,0.16751269035532995,0.0,0.0,19,0,0,0,1.0,0.0,0.0,0.0,18,1,1,0,0,0,0.8650793650793651,0.1349206349206349,0.1349206349206349,0.0,0.0,0.0
03-16-toroyan,0,158,6.0,0.46835443037974683,0.10126582278481013,0.0,0.0,15,0,0,0,1.0,0.0,0.0,0.0,15,0,0,0,0,0,1.0,0.0,0.0,0.0,0.0,0.0
03-16-toroyan,1,156,6.0,0.47435897435897434,0.10256410256410256,0.0,0.0,15,0,0,0,1.0,0.0,0.0,0.0,14,1,0,0,0,0,0.9,0.1,0.0,0.0,0.0,0.0
03-19-eminov,0,176,6.176470588235294,0.4147727272727273,0.18181818181818182,0.0,0.0,17,0,0,0,1.0,0.0,0.0,0.0,17,0,0,0,0,0,1.0,0.0,0.0,0.0,0.0,0.0
03-19-eminov,1,184,5.894736842105263,0.43478260869565216,0.17391304347826086,0.0,0.0,19,0,0,0,1.0,0.0,0.0,0.0,19,0,0,0,0,0,1.0,0.0,0.0,0.0,0.0,0.0
03-11-malinin,0,174,7.928571428571429,0.3563218390804598,0.28160919540229884,0.1896551724137931,0.0,14,0,0,0,1.0,0.0,0.0,0.0,13,1,1,0,0,0,0.7027027027027027,0.2972972972972973,0.2972972972972973,0.0,0.0,0.0
03-11-malinin,1,154,5.933333333333334,0.474025974025974,0.1038961038961039,0.0,0.0,15,0,0,0,1.0,0.0,0.0,0.0,14,1,0,0,0,0,0.8764044943820225,0.12359550561797752,0.0,0.0,0.0,0.0
03-17-firsova,0,177,6.875,0.423728813559322,0.1977401129943503,0.0,0.0,16,0,0,0,1.0,0.0,0.0,0.0,15,1,0,0,0,0,0.8272727272727273,0.17272727272727273,0.0,0.0,0.0,0.0
03-17-firsova,1,181,6.470588235294118,0.425414364640884,0.18232044198895028,0.0,0.0,17,0,0,0,1.0,0.0,0.0,0.0,16,1,0,0,0,0,0.8454545454545455,0.15454545454545454,0.0,0.0,0.0,0.0
03-12-petrov,0,168,8.153846153846153,0.34523809523809523,0.2857142857142857,0.19047619047619047,0.0,13,0,0,0,1.0,0.0,0.0,0.0,12,1,1,0,0,0,0.6981132075471698,0.3018867924528302,0.3018867924528302,0.0,0.0,0.0
03-12-petrov,1,160,5.8125,0.48125,0.1,0.0,0.0,16,0,0,0,1.0,0.0,0.0,0.0,15,1,0,0,0,0,0.8602150537634409,0.13978494623655913,0.0,0.0,0.0,0.0
03-09-lutikov,0,134,5.3076923076923075,0.39552238805970147,0.11940298507462686,0.0,0.0,13,0,0,0,1.0,0.0,0.0,0.0,13,0,0,0,0,0,1.0,0.0,0.0,0.0,0.0,0.0
03-09-lutikov,1,142,5.428571428571429,0.4225352112676056,0.11267605633802817,0.0,0.0,14,0,0,0,1.0,0.0,0.0,0.0,14,0,0,0,0,0,1.0,0.0,0.0,0.0,0.0,0.0
03-03-brovkin,0,173,7.266666666666667,0.4161849710982659,0.2138728323699422,0.0,0.0,15,0,0,0,1.0,0.0,0.0,0.0,14,1,1,0,0,0,0.8073394495412844,0.1926605504587156,0.1926605504587156,0.0,0.0,0.0
03-03-brovkin,1,178,6.4375,0.4887640449438202,0.0898876404494382,0.0,0.0,16,0,0,0,1.0,0.0,0.0,0.0,15,1,0,0,0,0,0.8640776699029126,0.13592233009708737,0.0,0.0,0.0,0.0
03-07-lanin,0,161,6.571428571428571,0.36024844720496896,0.2111801242236025,0.0,0.0,14,0,0,0,1.0,0.0,0.0,0.0,13,1,0,0,0,0,0.8043478260869565,0.1956521739130435,0.0,0.0,0.0,0.0
03-07-lanin,1,166,6.4,0.3795180722891566,0.19879518072289157,0.0,0.0,15,0,0,0,1.0,0.0,0.0,0.0,14,1,0,0,0,0,0.8229166666666666,0.17708333333333334,0.0,0.0,0.0,0.0
03-10-lushkov,0,166,6.0,0.3855421686746988,0.1927710843373494,0.0,0.0,16,0,0,0,1.0,0.0,0.0,0.0,15,1,0,0,0,0,0.8333333333333334,0.16666666666666666,0.0,0.0,0.0,0.0
03-10-lushkov,1,171,5.823529411764706,0.391812865497076,0.1871345029239766,0.0,0.0,17,0,0,0,1.0,0.0,0.0,0.0,16,1,0,0,0,0,0.8383838383838383,0.16161616161616163,0.0,0.0,0.0,0.0
